Date,XUSJP,XUKUS,XUKJP,USACPI,JPNCPI,GBRCPI
1/01/1971,358.02,2.4058,861.324516,16.79204445,32.8,9.25589647
1/02/1971,357.545,2.4178,864.472301,16.83423552,32.8,9.306268695
1/03/1971,357.5187,2.4187,864.7304797,16.87642659,32.9,9.381827034
1/04/1971,357.5032,2.4179,864.4069873,16.91861765,33.3,9.583315937
1/05/1971,357.413,2.4187,864.4748231,17.00299978,33.4,9.646281219
1/06/1971,357.4118,2.4188,864.5076618,17.12957298,33.5,9.715543029
1/07/1971,357.4043,2.4185,864.3822996,17.17176405,33.5,9.772211783
1/08/1971,355.78,2.4346,866.181988,17.21395512,33.5,9.778508311
1/09/1971,338.021,2.4694,834.7090574,17.21395512,34.3,9.791101368
1/10/1971,331.1105,2.4896,824.3327008,17.25614618,34.4,9.847770122
1/11/1971,328.752,2.4933,819.6773616,17.25614618,34.1,9.904438875
1/12/1971,320.0727,2.5266,808.6956838,17.34052832,34.1,9.954811101
1/01/1972,312.72,2.5705,803.84676,17.34052832,34.1,10.01147986
1/02/1972,305.187,2.6037,794.6153919,17.42491045,34.3,10.06185208
1/03/1972,302.5365,2.6181,792.0708107,17.46710152,34.6,10.09333472
1/04/1972,303.5605,2.6102,792.3536171,17.50929258,35,10.18778264
1/05/1972,304.3795,2.6124,795.1610058,17.55148365,35.1,10.23815487
1/06/1972,302.4145,2.5691,776.933092,17.59367472,35.2,10.30741668
1/07/1972,301.0305,2.4447,735.9292634,17.67805685,35.2,10.33889932
1/08/1972,301.1609,2.4502,737.9044372,17.72024791,35.4,10.42075419
1/09/1972,301.119,2.441,735.031479,17.76243898,35.6,10.47742294
1/10/1972,301.011,2.3948,720.8611428,17.84682111,35.8,10.62224309
1/11/1972,300.9885,2.3515,707.7744578,17.88901218,35.8,10.66002226
1/12/1972,301.2405,2.3449,706.3788485,17.93120325,36,10.71669101
1/01/1973,301.7882,2.3563,711.1035357,17.97339431,36.4,10.78595282
1/02/1973,278.4206,2.4272,675.7824803,18.09996751,36.7,10.85521464
1/03/1973,261.9014,2.4724,647.5250214,18.26873178,37.6,10.91817992
1/04/1973,265.4914,2.4837,659.4009902,18.39530498,38.2,11.12596535
1/05/1973,264.6505,2.5306,669.7245553,18.52187818,38.9,11.20782022
1/06/1973,264.4981,2.5762,681.4000052,18.64845138,39,11.26448897
1/07/1973,264.5538,2.5375,671.3052675,18.69064244,39.3,11.31486119
1/08/1973,265.22,2.4757,656.605154,19.02817098,39.6,11.34634384
1/09/1973,265.4747,2.4183,641.997467,19.07036204,40.7,11.44708829
1/10/1973,266.3348,2.4292,646.9804962,19.23912631,40.9,11.6737633
1/11/1973,278.2625,2.387,664.2125875,19.36569951,41.2,11.7619147
1/12/1973,280.1775,2.3174,649.2833385,19.49227271,42.6,11.85006609
1/01/1974,298.1336,2.224,663.0491264,19.66103697,44.4,12.07674111
1/02/1974,291.0872,2.2749,662.1942713,19.91418337,45.8,12.28204571
1/03/1974,282.1648,2.3406,660.4349309,20.16732977,46.1,12.39073638
1/04/1974,277.7741,2.3886,663.4912153,20.2517119,47.3,12.81342232
1/05/1974,278.9664,2.4137,673.3411997,20.5048583,47.5,12.99457343
1/06/1974,282.97,2.3902,676.354894,20.67362257,47.7,13.12741758
1/07/1974,290.98,2.3896,695.325808,20.84238683,48.7,13.248185
1/08/1974,302.2836,2.3456,709.0364122,21.09553323,49.2,13.26026174
1/09/1974,299.084,2.3165,692.828086,21.34867963,49.8,13.40518263
1/10/1974,299.3645,2.333,698.4173785,21.55963496,51,13.67087093
1/11/1974,300.075,2.3252,697.73439,21.72839923,51.4,13.91240576
1/12/1974,300.4114,2.3294,699.7783152,21.89716349,51.6,14.11771036
1/01/1975,299.6845,2.3623,707.9446944,21.98154563,52.2,14.48001259
1/02/1975,291.6583,2.3958,698.7549551,22.15030989,52.2,14.72154741
1/03/1975,287.9486,2.418,696.2597148,22.23469203,52.7,15.0113892
1/04/1975,292.1968,2.3707,692.7109538,22.31907416,53.6,15.59107277
1/05/1975,291.4305,2.3205,676.2644753,22.44564736,53.9,16.24321679
1/06/1975,293.4662,2.2803,669.1909759,22.61441162,53.9,16.55721206
1/07/1975,296.3741,2.1845,647.4292215,22.86755802,54,16.72628643
1/08/1975,297.9762,2.1143,630.0110797,22.90974909,53.9,16.82290036
1/09/1975,299.909,2.0834,624.8304106,23.03632229,55.1,16.96782126
1/10/1975,302.3364,2.0568,621.8455075,23.16289549,55.9,17.20935608
1/11/1975,302.5453,2.0484,619.7337925,23.33165975,55.6,17.41466068
1/12/1975,305.67,2.0221,618.095307,23.41604189,55.6,17.63204202
1/01/1976,304.6357,2.0286,617.983981,23.45823295,56.7,17.8615001
1/02/1976,301.5944,2.0262,611.0905733,23.54261509,57.1,18.09095818
1/03/1976,300.5183,1.9428,583.8469532,23.58480615,57.3,18.18757211
1/04/1976,299.1086,1.8463,552.2442082,23.66918829,58.6,18.5377976
1/05/1976,299.004,1.8079,540.5693316,23.83795255,58.9,18.7431022
1/06/1976,299.1909,1.764,527.7727476,23.96452575,59,18.83971613
1/07/1976,294.641,1.785,525.934185,24.09109895,59.3,18.87594635
1/08/1976,290.6259,1.7828,518.1278545,24.21767215,59,19.14163466
1/09/1976,287.361,1.7272,496.3299192,24.30205428,60.4,19.39524622
1/10/1976,291.189,1.6377,476.8802253,24.42862748,60.8,19.74547171
1/11/1976,295.1653,1.6381,483.5102779,24.47081855,60.8,20.02323676
1/12/1976,294.7017,1.6784,494.6273333,24.55520068,61.5,20.28892506
1/01/1977,291.0524,1.7124,498.3981298,24.68177388,62.1,20.82030167
1/02/1977,285.0221,1.7103,487.4732976,24.93492028,62.4,21.02560627
1/03/1977,280.2265,1.7174,481.2609911,25.10368455,62.7,21.23091087
1/04/1977,275.2071,1.719,473.0810049,25.31463988,63.8,21.77436422
1/05/1977,277.4262,1.7185,476.7569247,25.44121308,64.4,21.94343859
1/06/1977,272.8609,1.7191,469.0751732,25.60997734,64.1,22.17289667
1/07/1977,264.8632,1.7226,456.2533483,25.73655054,63.9,22.19705016
1/08/1977,266.6774,1.7397,463.9386728,25.82093268,64,22.30574083
1/09/1977,266.77,1.7431,465.006787,25.90531481,65,22.42650824
1/10/1977,254.7445,1.7711,451.177984,25.98969694,65.5,22.52312217
1/11/1977,244.7026,1.8178,444.8203863,26.11627014,64.8,22.63181284
1/12/1977,241.0229,1.8546,447.0010703,26.20065227,64.6,22.75258025
1/01/1978,241.081,1.9353,466.5640593,26.36941654,64.9,22.8854244
1/02/1978,240.3722,1.9396,466.2259191,26.53818081,65.2,23.01826855
1/03/1978,231.8574,1.9055,441.8042757,26.74913614,65.8,23.16318945
1/04/1978,221.857,1.8497,410.3688929,26.96009147,66.5,23.5013382
1/05/1978,226.1786,1.8181,411.2153127,27.21323787,66.9,23.63418235
1/06/1978,214.1064,1.8372,393.3562781,27.50857533,66.6,23.81533347
1/07/1978,199.6955,1.8949,378.403003,27.71953067,66.8,23.92402414
1/08/1978,188.7096,1.9406,366.2098498,27.84610387,67,24.08102177
1/09/1978,189.9195,1.9595,372.1472603,28.0570592,67.7,24.1776357
1/10/1978,183.631,2.0075,368.6392325,28.3102056,67.9,24.28632637
1/11/1978,192.1425,1.9608,376.753014,28.4367788,67.2,24.45540074
1/12/1978,195.955,1.9861,389.1862255,28.563352,67.1,24.66070534
1/01/1979,197.755,2.0053,396.5581015,28.81649839,67.2,25.02300758
1/02/1979,200.5072,2.0042,401.8565302,29.15402693,67,25.22831217
1/03/1979,206.3236,2.0378,420.4462321,29.44936439,67.6,25.43361677
1/04/1979,216.2852,2.0735,448.4673622,29.78689292,68.5,25.86837945
1/05/1979,218.4141,2.0587,449.6491077,30.16661252,69,26.07368405
1/06/1979,218.5967,2.1119,461.6543707,30.50414105,69.1,26.52052347
1/07/1979,216.51,2.2598,489.269298,30.84166958,69.7,27.66781388
1/08/1979,217.9257,2.2368,487.4562058,31.13700705,69,27.88519522
1/09/1979,222.4137,2.1966,488.5539334,31.47453558,69.9,28.16296026
1/10/1979,230.4845,2.1438,494.1126711,31.72768198,70.8,28.45280205
1/11/1979,244.9842,2.1352,523.0902638,32.02301945,70.5,28.70641361
1/12/1979,240.3745,2.2007,528.9921622,32.36054798,70.9,28.91171821
1/01/1980,237.8886,2.2641,538.6035793,32.82464971,71.6,29.62424594
1/02/1980,244.35,2.2891,559.341585,33.28875144,72.2,30.04693188
1/03/1980,248.4786,2.2045,547.7710737,33.79504424,72.6,30.45754107
1/04/1980,250.275,2.2094,552.957585,34.17476384,73.9,31.49614081
1/05/1980,228.6286,2.302,526.3030372,34.51229237,74.5,31.7859826
1/06/1980,217.9176,2.3359,509.0337218,34.89201197,74.9,32.08790112
1/07/1980,221.1364,2.3732,524.8009045,34.89201197,74.9,32.35358943
1/08/1980,223.9138,2.3704,530.7652715,35.14515836,74.7,32.42604988
1/09/1980,214.4167,2.4012,514.85738,35.44049583,76,32.63135447
1/10/1980,209.3227,2.4165,505.8283046,35.77802436,76.1,32.83665907
1/11/1980,213.1059,2.3941,510.1968352,36.07336183,76.3,33.10234738
1/12/1980,209.4886,2.3459,491.4393067,36.41089036,76,33.28349849
1/01/1981,202.3667,2.4029,486.2669434,36.70622782,76.8,33.48880309
1/02/1981,205.7167,2.2941,471.9346815,37.08594742,76.7,33.79072162
1/03/1981,208.7918,2.2319,466.0024184,37.33909382,77,34.29794475
1/04/1981,214.9759,2.1753,467.6370753,37.59224022,77.6,35.28823752
1/05/1981,220.6285,2.0884,460.7605594,37.88757768,78.3,35.5176956
1/06/1981,224.1805,1.9738,442.4874709,38.22510622,78.4,35.7230002
1/07/1981,232.3261,1.8737,435.3094136,38.64701688,78.2,35.87999783
1/08/1981,233.3262,1.8203,424.7236819,38.94235435,77.8,36.14568614
1/09/1981,229.481,1.8146,416.4162226,39.32207394,79,36.35099074
1/10/1981,231.519,1.8407,426.1570233,39.40645608,79.3,36.67706275
1/11/1981,223.1267,1.9025,424.4985468,39.53302928,79.2,37.06351846
1/12/1981,218.9545,1.9033,416.7360999,39.65960248,79.3,37.29297654
1/01/1982,224.805,1.886,423.98223,39.78617568,79.3,37.51035788
1/02/1982,235.3056,1.847,434.6094432,39.91274887,79.2,37.52243462
1/03/1982,241.2283,1.8053,435.48945,39.87055781,79.3,37.84850663
1/04/1982,244.1068,1.772,432.5572496,40.03932207,79.9,38.60934132
1/05/1982,236.9635,1.8104,428.9987204,40.41904167,80.2,38.88710637
1/06/1982,251.1977,1.7563,441.1785205,40.92533447,80.2,38.99579704
1/07/1982,255.031,1.7354,442.5807974,41.1362898,79.7,39.00787378
1/08/1982,259.0455,1.725,446.8534875,41.22067193,80.3,39.01995052
1/09/1982,263.2857,1.712,450.7451184,41.30505407,81.5,38.99579704
1/10/1982,271.615,1.6962,460.713363,41.43162727,81.8,39.1890249
1/11/1982,264.0879,1.6321,431.0178616,41.34724513,81,39.38225275
1/12/1982,241.9413,1.616,390.9771408,41.17848087,80.9,39.30979231
1/01/1983,232.731,1.5756,366.6909636,41.262863,81,39.35809927
1/02/1983,236.1211,1.5329,361.9500342,41.30505407,80.7,39.52717365
1/03/1983,238.2543,1.49,354.998907,41.30505407,81.2,39.59963409
1/04/1983,237.7467,1.5361,365.2027059,41.60039153,81.5,40.15516418
1/05/1983,234.7557,1.5722,369.0829115,41.85353793,82.4,40.32423856
1/06/1983,240.0314,1.548,371.5686072,41.98011113,81.9,40.42085249
1/07/1983,240.516,1.5273,367.3400868,42.1488754,81.5,40.63823383
1/08/1983,244.4613,1.5026,367.3275494,42.2754486,81.3,40.81938495
1/09/1983,242.3462,1.4986,363.1800153,42.48640393,82.3,41.00053606
1/10/1983,232.8855,1.4969,348.606305,42.61297713,83,41.14545696
1/11/1983,235.03,1.4766,347.045298,42.69735926,82.5,41.29037785
1/12/1983,234.4624,1.4338,336.1721891,42.73955033,82.3,41.39906852
1/01/1984,233.8,1.4076,329.09688,42.99269673,82.5,41.37491504
1/02/1984,233.5963,1.4417,336.7757857,43.20365206,83,41.54398941
1/03/1984,225.2664,1.4557,327.9202985,43.28803419,83.2,41.67683356
1/04/1984,225.2,1.421,320.0092,43.49898952,83.4,42.23236366
1/05/1984,230.4777,1.3894,320.2257164,43.62556272,84,42.38936129
1/06/1984,233.5657,1.377,321.6199689,43.75213592,83.4,42.49805196
1/07/1984,243.0676,1.32,320.849232,43.92090019,83.6,42.449745
1/08/1984,242.2609,1.3132,318.1370139,44.08966445,82.9,42.84827745
1/09/1984,245.4568,1.2563,308.3673778,44.30061979,84.2,42.93281464
1/10/1984,246.7545,1.2196,300.9417882,44.42719299,84.8,43.19850294
1/11/1984,243.6305,1.2392,301.9069156,44.42719299,84.3,43.3313471
1/12/1984,247.964,1.1861,294.1101004,44.42719299,84.5,43.29511687
1/01/1985,254.1829,1.1271,286.4895466,44.51157512,84.8,43.45211451
1/02/1985,260.4778,1.0931,284.7282832,44.72253045,84.4,43.78562854
1/03/1985,257.9205,1.1253,290.2379387,44.89129472,84.8,44.21443231
1/04/1985,251.8455,1.2377,311.7091754,45.10225005,85.3,45.16732955
1/05/1985,251.7295,1.2483,314.2339349,45.27101432,85.4,45.357909
1/06/1985,248.84,1.2808,318.714272,45.39758751,85.4,45.45319873
1/07/1985,241.1364,1.3807,332.9370275,45.48196965,85.6,45.357909
1/08/1985,237.4609,1.3841,328.6696317,45.56635178,85.4,45.50084359
1/09/1985,236.5275,1.3642,322.6708155,45.69292498,85.5,45.45319873
1/10/1985,214.6805,1.4215,305.1683308,45.86168925,86.3,45.54848845
1/11/1985,204.0737,1.4396,293.7844985,45.98826245,85.6,45.69142304
1/12/1985,202.7881,1.4447,292.9679681,46.11483564,85.7,45.7390679
1/01/1986,199.8905,1.4244,284.7240282,46.24140884,86,45.83435763
1/02/1986,184.8516,1.4297,264.2823325,46.11483564,85.9,46.02493708
1/03/1986,178.6938,1.4674,262.2152821,45.90388031,85.9,46.07258194
1/04/1986,175.0918,1.4985,262.3750623,45.81949818,86.1,46.54903056
1/05/1986,167.0314,1.5211,254.0714625,45.94607138,86.4,46.59667543
1/06/1986,167.5419,1.5085,252.7369562,46.19921778,85.9,46.59667543
1/07/1986,158.6059,1.5071,239.0349519,46.19921778,85.7,46.45374084
1/08/1986,154.1771,1.4861,229.1225883,46.28359991,85.5,46.59667543
1/09/1986,154.7314,1.4698,227.4242117,46.49455524,85.9,46.83489974
1/10/1986,156.4723,1.4264,223.1920887,46.53674631,86,46.93018946
1/11/1986,162.8494,1.4238,231.8649757,46.57893738,85.6,47.31134836
1/12/1986,162.0523,1.4393,233.2418754,46.62112844,85.4,47.45428295
1/01/1987,154.8295,1.5054,233.0803293,46.91646591,85.1,47.6448624
1/02/1987,153.4068,1.528,234.4055904,47.08523017,85.1,47.83544185
1/03/1987,151.4332,1.5923,241.1270844,47.29618551,85.4,47.93073157
1/04/1987,142.8986,1.6313,233.1104862,47.5493319,86.2,48.50246992
1/05/1987,140.479,1.6666,234.1223014,47.71809617,86.4,48.55011478
1/06/1987,144.5495,1.6288,235.4422256,47.88686044,86.2,48.55011478
1/07/1987,150.2939,1.609,241.8228851,48.01343364,85.8,48.50246992
1/08/1987,147.3343,1.5996,235.6759463,48.26658003,85.9,48.64540451
1/09/1987,143.291,1.6446,235.6563786,48.51972643,86.6,48.7883391
1/10/1987,143.32,1.662,238.19784,48.64629963,86.6,49.02656341
1/11/1987,135.3974,1.7754,240.384544,48.6884907,86.2,49.26478772
1/12/1987,128.2418,1.8288,234.5286038,48.6884907,86.1,49.21714286
1/01/1988,127.6853,1.8009,229.9484568,48.8150639,85.9,49.21714286
1/02/1988,129.1665,1.7582,227.1005403,48.9416371,85.7,49.31883117
1/03/1988,127.1139,1.833,232.9997787,49.15259243,86,49.52220779
1/04/1988,124.8976,1.8782,234.5826723,49.40573883,86.5,50.13233766
1/05/1988,124.7871,1.8695,233.2894835,49.57450309,86.5,50.33571429
1/06/1988,127.4655,1.7768,226.4807004,49.78545843,86.4,50.53909091
1/07/1988,133.0215,1.7051,226.8149597,49.99641376,86.2,50.53909091
1/08/1988,133.7661,1.6965,226.9341887,50.20736909,86.5,50.74246753
1/09/1988,134.3176,1.684,226.1908384,50.54489762,87.1,50.94584416
1/10/1988,128.6805,1.7388,223.7496534,50.71366189,87.6,51.14922078
1/11/1988,123.202,1.8085,222.810817,50.75585296,87.2,51.3525974
1/12/1988,123.6076,1.8258,225.6827561,50.84023509,87,51.45428571
1/01/1989,127.3625,1.7737,225.9028663,51.09338149,86.8,51.55597403
1/02/1989,127.7374,1.7534,223.9747572,51.30433682,86.5,51.75935065
1/03/1989,130.5504,1.7134,223.6850554,51.59967428,87,51.96272727
1/04/1989,132.0365,1.7008,224.5676792,51.93720282,88.5,52.67454545
1/05/1989,137.8636,1.6307,224.8141725,52.23254028,89,52.97961039
1/06/1989,143.9809,1.553,223.6023377,52.35911348,88.9,53.18298701
1/07/1989,140.424,1.6268,228.4417632,52.48568668,88.8,53.18298701
1/08/1989,141.4852,1.5947,225.6264484,52.57006881,88.7,53.18298701
1/09/1989,145.07,1.5715,227.977505,52.73883308,89.4,53.58974026
1/10/1989,142.2067,1.5874,225.7389156,52.99197948,90.1,53.99649351
1/11/1989,143.5343,1.5726,225.7220402,53.11855268,89.2,54.19987013
1/12/1989,143.685,1.5965,229.3931025,53.20293481,89.3,54.30155844
1/01/1990,144.9819,1.6512,239.3941133,53.75141867,89.7,54.50493506
1/02/1990,145.6932,1.6961,247.1102365,54.00456507,89.8,54.81
1/03/1990,153.3082,1.6245,249.0491709,54.29990254,90.1,55.11506494
1/04/1990,158.4586,1.6372,259.4284199,54.38428467,90.9,56.13194805
1/05/1990,154.0441,1.6774,258.3935733,54.51085787,91.3,56.64038961
1/06/1990,153.6957,1.7103,262.8657557,54.80619534,91,56.84376623
1/07/1990,149.0395,1.8098,269.7316871,55.01715067,90.8,56.74207792
1/08/1990,147.4609,1.9013,280.3674092,55.52344347,91.2,57.35220779
1/09/1990,138.4405,1.8794,260.1850757,55.9875452,91.9,57.96233766
1/10/1990,129.5909,1.9456,252.132055,56.32507373,92.9,58.36909091
1/11/1990,129.2155,1.9642,253.8050851,56.45164693,92.7,58.47077922
1/12/1990,133.889,1.9219,257.3212691,56.45164693,92.6,58.36909091
1/01/1991,133.6986,1.9346,258.6533116,56.78917546,93.2,58.36909091
1/02/1991,130.5358,1.9641,256.3853648,56.87355759,93,58.67415584
1/03/1991,137.3867,1.8214,250.2361354,56.95793973,93.4,58.87753247
1/04/1991,137.1127,1.7497,239.9060912,57.04232186,94,60.9112987
1/05/1991,138.2218,1.7238,238.2667388,57.21108612,94.4,61.31805195
1/06/1991,139.7475,1.6497,230.5414508,57.37985039,94.1,61.62311688
1/07/1991,137.83,1.6513,227.598679,57.46423252,94,61.41974026
1/08/1991,136.8164,1.6841,230.4124992,57.63299679,94.2,61.72480519
1/09/1991,134.2995,1.7265,231.8680868,57.88614319,94.3,62.02987013
1/10/1991,130.7723,1.7231,225.3337501,57.97052532,95.3,62.33493506
1/11/1991,129.6321,1.7796,230.6932852,58.13928959,95.5,62.53831169
1/12/1991,128.0395,1.8272,233.9537744,58.18148065,95.1,62.64
1/01/1992,125.4614,1.809,226.9596726,58.26586279,94.9,62.43662338
1/02/1992,127.6989,1.7778,227.0231044,58.47681812,94.8,62.74168831
1/03/1992,132.8627,1.7238,229.0287223,58.77215558,95.3,63.04675325
1/04/1992,133.5395,1.7566,234.5754857,58.85653772,96.3,63.75857143
1/05/1992,130.771,1.8095,236.6301245,58.94091985,96.4,63.96194805
1/06/1992,126.8355,1.8551,235.2925361,59.15187518,96.3,63.96194805
1/07/1992,125.8817,1.9177,241.4033361,59.27844838,95.5,63.65688312
1/08/1992,126.231,1.9434,245.3173254,59.44721265,95.8,63.65688312
1/09/1992,122.5967,1.8465,226.3748066,59.61597691,96.3,63.96194805
1/10/1992,121.1652,1.6529,200.2739591,59.82693225,96.4,64.16532468
1/11/1992,123.88,1.5268,189.139984,59.91131438,96.2,64.16532468
1/12/1992,124.0409,1.551,192.3874359,59.86912331,96.2,64.26701299
1/01/1993,124.9932,1.5325,191.552079,60.16446078,96.1,63.86025974
1/02/1993,120.7595,1.4395,173.8333003,60.37541611,96.2,64.26701299
1/03/1993,117.0174,1.4617,171.0443336,60.58637144,96.4,64.57207792
1/04/1993,112.4114,1.5447,173.6418896,60.75513571,97.1,65.2838961
1/05/1993,110.343,1.5477,170.7778611,60.83951784,97.2,65.58896104
1/06/1993,107.4118,1.5082,161.9984768,60.92389997,97.1,65.48727273
1/07/1993,107.6914,1.4955,161.0524887,60.92389997,97.4,65.2838961
1/08/1993,103.765,1.4914,154.755121,61.09266424,97.6,65.58896104
1/09/1993,105.5748,1.5248,160.980455,61.21923744,97.7,65.89402597
1/10/1993,107.02,1.5023,160.776146,61.47238384,97.6,65.79233766
1/11/1993,107.8765,1.4808,159.7435212,61.5145749,97.1,65.58896104
1/12/1993,109.913,1.4913,163.9132569,61.5145749,97.2,65.79233766
1/01/1994,111.4415,1.4923,166.3041505,61.68333917,97.3,65.48727273
1/02/1994,106.3011,1.4792,157.2405871,61.8942945,97.3,65.79233766
1/03/1994,105.0974,1.4919,156.7948111,62.10524983,97.7,65.99571429
1/04/1994,103.4843,1.4823,153.3947779,62.18963197,97.9,66.60584416
1/05/1994,103.7533,1.5042,156.0657139,62.23182303,98,66.80922078
1/06/1994,102.5264,1.5262,156.4757917,62.44277837,97.6,66.80922078
1/07/1994,98.445,1.5467,152.2648815,62.61154263,97.2,66.40246753
1/08/1994,99.9404,1.5422,154.1280849,62.86468903,97.6,66.80922078
1/09/1994,98.7743,1.5661,154.6904312,63.0334533,97.9,66.91090909
1/10/1994,98.353,1.6064,157.9942592,63.07564436,98.4,66.70753247
1/11/1994,98.044,1.5892,155.8115248,63.1600265,98.1,66.80922078
1/12/1994,100.1824,1.5587,156.1543069,63.1600265,97.8,67.11428571
1/01/1995,99.766,1.5746,157.0915436,63.41317289,97.8,67.11428571
1/02/1995,98.2368,1.572,154.4282496,63.66631929,97.5,67.41935065
1/03/1995,90.5196,1.6002,144.8494639,63.87727463,97.4,67.72441558
1/04/1995,83.6895,1.6073,134.5141334,64.08822996,97.7,68.13116883
1/05/1995,85.1127,1.5874,135.1079,64.21480316,97.9,68.53792208
1/06/1995,84.6355,1.5948,134.9766954,64.34137636,97.8,68.53792208
1/07/1995,87.397,1.5952,139.4156944,64.34137636,97.3,68.13116883
1/08/1995,94.7383,1.5668,148.4359684,64.51014062,97.4,68.53792208
1/09/1995,100.5455,1.559,156.7504345,64.63671382,98,68.84298701
1/10/1995,100.839,1.5779,159.1138581,64.84766915,97.7,68.7412987
1/11/1995,101.94,1.5625,159.28125,64.80547809,97.4,68.7412987
1/12/1995,101.8495,1.5405,156.8991548,64.76328702,97.4,69.14805195
1/01/1996,105.7514,1.5288,161.6727403,65.14300662,97.3,68.94467532
1/02/1996,105.788,1.536,162.490368,65.35396195,97.1,69.24974026
1/03/1996,105.94,1.5271,161.780974,65.69149048,97.3,69.55480519
1/04/1996,107.1995,1.516,162.514442,65.94463688,97.9,69.85987013
1/05/1996,106.3423,1.5152,161.129853,66.07121008,98.1,70.06324675
1/06/1996,108.96,1.5416,167.972736,66.11340115,97.8,70.16493506
1/07/1996,109.1909,1.553,169.5734677,66.23997435,97.7,69.75818182
1/08/1996,107.8659,1.5499,167.1813584,66.36654755,97.6,70.06324675
1/09/1996,109.931,1.5593,171.4154083,66.57750288,98,70.47
1/10/1996,112.4123,1.5863,178.3196315,66.78845821,98.2,70.47
1/11/1996,112.2958,1.6623,186.6693083,66.91503141,97.9,70.47
1/12/1996,113.981,1.6639,189.6529859,66.91503141,98,70.67337662
1/01/1997,117.9124,1.6585,195.5577154,67.12598674,97.9,70.36831169
1/02/1997,122.9621,1.6256,199.8871898,67.33694208,97.7,70.57168831
1/03/1997,122.7738,1.6096,197.6167085,67.50570634,97.8,70.67337662
1/04/1997,125.6377,1.6293,204.7015046,67.59008847,99.8,70.97844156
1/05/1997,119.1924,1.6322,194.5458353,67.54789741,100,71.18181818
1/06/1997,114.2857,1.6449,187.9885479,67.63227954,100,71.38519481
1/07/1997,115.3759,1.6694,192.6085275,67.71666167,99.6,71.08012987
1/08/1997,117.9295,1.6035,189.0999533,67.84323487,99.7,71.48688312
1/09/1997,120.89,1.6013,193.581157,68.01199914,100.4,71.79194805
1/10/1997,121.0605,1.633,197.6917965,68.18076341,100.7,71.79194805
1/11/1997,125.3817,1.6889,211.7571531,68.13857234,100,71.79194805
1/12/1997,129.7341,1.6597,215.3196858,68.05419021,99.8,71.89363636
1/01/1998,129.5475,1.635,211.8101625,68.18076341,99.7,71.48688312
1/02/1998,125.8516,1.6408,206.4973053,68.3073366,99.6,71.69025974
1/03/1998,129.0823,1.6619,214.5218744,68.4339098,100,71.89363636
1/04/1998,131.7536,1.6723,220.3315453,68.560483,100.2,72.30038961
1/05/1998,134.896,1.6382,220.9866272,68.6870562,100.5,72.60545455
1/06/1998,140.3305,1.6504,231.6014572,68.77143834,100.1,72.50376623
1/07/1998,140.7874,1.6437,231.4122494,68.85582047,99.5,72.1987013
1/08/1998,144.68,1.6342,236.436056,68.9402026,99.4,72.40207792
1/09/1998,134.4805,1.6823,226.2365452,69.02458473,100.2,72.70714286
1/10/1998,121.0486,1.6944,205.1047478,69.193349,100.9,72.70714286
1/11/1998,120.2895,1.6611,199.8128885,69.193349,100.8,72.80883117
1/12/1998,117.0709,1.6708,195.6020597,69.15115793,100.4,73.01220779
1/01/1999,113.29,1.6498,186.905842,69.3199222,99.9,72.60545455
1/02/1999,116.6684,1.6276,189.8894878,69.40430433,99.5,72.70714286
1/03/1999,119.473,1.6213,193.7015749,69.61525966,99.6,73.1138961
1/04/1999,119.7723,1.6089,192.7016535,70.12155246,100.1,73.41896104
1/05/1999,121.9995,1.6154,197.0779923,70.12155246,100.1,73.62233766
1/06/1999,120.7245,1.595,192.5555775,70.12155246,99.8,73.52064935
1/07/1999,119.3305,1.5751,187.9574706,70.33250779,99.4,73.1138961
1/08/1999,113.2268,1.6058,181.8195954,70.50127206,99.7,73.31727273
1/09/1999,106.8752,1.6247,173.6401374,70.83880059,100,73.62233766
1/10/1999,105.965,1.6572,175.605198,70.96537379,100.2,73.52064935
1/11/1999,104.6485,1.6205,169.5828943,71.00756486,99.6,73.62233766
1/12/1999,102.5843,1.6132,165.4889928,71.00756486,99.3,73.82571429
1/01/2000,105.296,1.6404,172.7275584,71.21852019,99.2,73.1138961
1/02/2000,109.3885,1.6,175.0216,71.64043086,98.9,73.41896104
1/03/2000,106.3074,1.5799,167.9550613,72.23110579,99.1,73.52064935
1/04/2000,105.627,1.5823,167.1336021,72.27329685,99.3,73.82571429
1/05/2000,108.3205,1.509,163.4556345,72.35767899,99.4,74.02909091
1/06/2000,106.1255,1.5092,160.1646046,72.73739858,99.2,74.13077922
1/07/2000,108.2115,1.5076,163.1396574,72.90616285,98.9,73.72402597
1/08/2000,108.0804,1.4889,160.9209076,72.90616285,99.2,73.72402597
1/09/2000,106.8375,1.4336,153.16224,73.28588245,99.1,74.33415584
1/10/2000,108.4429,1.4506,157.3072707,73.41245565,99.1,74.33415584
1/11/2000,109.0095,1.4258,155.4257451,73.45464671,98.8,74.43584416
1/12/2000,112.209,1.4629,164.1505461,73.41245565,98.9,74.43584416
1/01/2001,116.6719,1.4775,172.3827323,73.87655738,98.9,73.82571429
1/02/2001,116.2337,1.4525,168.8294493,74.17189484,98.6,73.9274026
1/03/2001,121.505,1.4445,175.5139725,74.34065911,98.4,74.23246753
1/04/2001,123.771,1.4348,177.5866308,74.63599657,98.6,74.63922078
1/05/2001,121.7682,1.4265,173.7023373,74.97352511,98.7,75.24935065
1/06/2001,122.351,1.402,171.536102,75.10009831,98.4,75.35103896
1/07/2001,124.4981,1.4148,176.1399119,74.88914297,98.1,74.8425974
1/08/2001,121.367,1.4372,174.4286524,74.88914297,98.5,75.14766234
1/09/2001,118.6117,1.4638,173.6238065,75.2266715,98.3,75.35103896
1/10/2001,121.4536,1.4501,176.1198654,74.97352511,98.3,75.14766234
1/11/2001,122.4055,1.4356,175.7253358,74.84695191,97.8,75.04597403
1/12/2001,127.5945,1.4413,183.9019529,74.55161444,97.7,75.24935065
1/01/2002,132.6833,1.4322,190.0290223,74.72037871,97.5,74.94428571
1/02/2002,133.6426,1.4227,190.133327,75.01571617,97,75.04597403
1/03/2002,131.061,1.423,186.499803,75.43762684,97.2,75.35103896
1/04/2002,130.7718,1.4429,188.6906302,75.8595375,97.5,75.6561039
1/05/2002,126.375,1.4598,184.482225,75.8595375,97.8,75.85948052
1/06/2002,123.2905,1.4837,182.9261149,75.90172857,97.7,75.85948052
1/07/2002,117.8991,1.5565,183.5099492,75.9861107,97.3,75.6561039
1/08/2002,118.9927,1.5368,182.8679814,76.2392571,97.6,75.85948052
1/09/2002,121.078,1.5563,188.4336914,76.3658303,97.6,76.06285714
1/10/2002,123.9077,1.5575,192.9862428,76.4924035,97.4,76.16454545
1/11/2002,121.6079,1.5711,191.0581717,76.4924035,97.4,76.16454545
1/12/2002,121.8929,1.5863,193.3587073,76.32363923,97.4,76.46961039
1/01/2003,118.8133,1.6175,192.1805128,76.66116776,97.1,75.96116883
1/02/2003,119.3379,1.6079,191.8834094,77.25184269,96.8,76.26623377
1/03/2003,118.6871,1.5825,187.8223358,77.71594443,97.1,76.5712987
1/04/2003,119.895,1.5739,188.7027405,77.54718016,97.4,76.77467532
1/05/2003,117.3681,1.6224,190.4180054,77.42060696,97.6,76.77467532
1/06/2003,118.329,1.6609,196.5326361,77.50498909,97.3,76.67298701
1/07/2003,118.6959,1.6221,192.5366194,77.58937123,97.1,76.5712987
1/08/2003,118.6624,1.5939,189.1359994,77.88470869,97.3,76.87636364
1/09/2003,114.8,1.6155,185.4594,78.13785509,97.4,77.18142857
1/10/2003,109.4955,1.6792,183.8648436,78.05347296,97.4,77.28311688
1/11/2003,109.1778,1.6897,184.4777287,77.84251763,96.9,77.18142857
1/12/2003,107.7377,1.7516,188.7133553,77.75813549,97,77.48649351
1/01/2004,106.2685,1.8255,193.9931468,78.13785509,96.8,77.07974026
1/02/2004,106.7079,1.8673,199.2556617,78.55976576,96.8,77.28311688
1/03/2004,108.5157,1.8261,198.1605198,79.06605855,97,77.38480519
1/04/2004,107.6564,1.8031,194.1152548,79.31920495,97,77.68987013
1/05/2004,112.196,1.786,200.382056,79.78330668,97.1,77.89324675
1/06/2004,109.4336,1.8279,200.0336774,80.03645308,97.3,77.89324675
1/07/2004,109.4871,1.8438,201.872315,79.90987988,97,77.68987013
1/08/2004,110.2336,1.8203,200.6582221,79.95207095,97.1,77.89324675
1/09/2004,110.0914,1.7937,197.4709442,80.12083521,97.4,77.99493506
1/10/2004,108.7835,1.8077,196.647933,80.54274588,97.9,78.19831169
1/11/2004,104.699,1.8607,194.8134293,80.58493695,97.7,78.3
1/12/2004,103.8104,1.9286,200.2087374,80.28959948,97.2,78.70675325
1/01/2005,103.341,1.8797,194.2500777,80.45836375,97,78.3
1/02/2005,104.9442,1.8871,198.0401998,80.92246548,96.7,78.5
1/03/2005,105.2543,1.9043,200.4357635,81.55533147,97,78.8
1/04/2005,107.1938,1.8961,203.2501642,82.10381534,97.1,79.1
1/05/2005,106.5952,1.8559,197.8300317,82.01943321,97.2,79.4
1/06/2005,108.7473,1.8177,197.6699672,82.06162427,96.8,79.4
1/07/2005,111.9535,1.7507,195.9969925,82.44134387,96.7,79.5
1/08/2005,110.6065,1.7944,198.4723036,82.86325453,96.8,79.7
1/09/2005,111.239,1.8064,200.9421296,83.87584013,97.1,79.9
1/10/2005,114.8695,1.7651,202.7561545,84.0446044,97.1,80
1/11/2005,118.454,1.7349,205.5058446,83.36954733,96.7,80
1/12/2005,118.4624,1.7458,206.8116579,83.0320188,96.8,80.3
1/01/2006,115.4765,1.7686,204.2317379,83.6648848,96.9,80
1/02/2006,117.8605,1.748,206.020154,83.83364906,96.6,80.2
1/03/2006,117.2778,1.7442,204.5559388,84.29775079,96.8,80.4
1/04/2006,117.0695,1.768,206.978876,85.01499892,97,80.9
1/05/2006,111.7305,1.8687,208.7907854,85.43690959,97.3,81.3
1/06/2006,114.625,1.8435,211.3111875,85.60567385,97.3,81.5
1/07/2006,115.767,1.8443,213.5090781,85.85882025,97,81.5
1/08/2006,115.9243,1.8941,219.5722166,86.02758452,97.7,81.8
1/09/2006,117.2145,1.8839,220.8203966,85.60567385,97.7,81.9
1/10/2006,118.609,1.8765,222.5697885,85.14157212,97.5,82
1/11/2006,117.3205,1.9125,224.3754563,85.01499892,97,82.2
1/12/2006,117.322,1.9629,230.2913538,85.14157212,97.1,82.6
1/01/2007,120.4471,1.9587,235.9197348,85.40146909,96.9,82.1
1/02/2007,120.5047,1.9589,236.0566568,85.85839834,96.4,82.4
1/03/2007,117.26,1.9474,228.352124,86.6401988,96.7,82.8
1/04/2007,118.9324,1.9879,236.425718,87.20302763,97,83.1
1/05/2007,120.7732,1.9842,239.6381834,87.7359008,97.3,83.3
1/06/2007,122.6886,1.9867,243.7454416,87.9059308,97.1,83.5
1/07/2007,121.4148,2.0355,247.1398254,87.88356953,97,83.1
1/08/2007,116.7335,2.011,234.7510685,87.72239966,97.5,83.4
1/09/2007,115.0435,2.0184,232.2038004,87.96415447,97.5,83.5
1/10/2007,115.8661,2.0449,236.9345879,88.15232663,97.8,83.8
1/11/2007,111.0729,2.0701,229.9320103,88.67591776,97.6,84.1
1/12/2007,112.449,2.0161,226.7084289,88.61642836,97.8,84.5
1/01/2008,107.8181,1.9702,212.4232206,89.05690309,97.6,84.1
1/02/2008,107.03,1.9646,210.271138,89.31553433,97.4,84.6
1/03/2008,100.7562,2.0015,201.6635343,90.0897404,97.9,84.9
1/04/2008,102.6777,1.9816,203.4661303,90.63611471,97.8,85.6
1/05/2008,104.3595,1.965,205.0664175,91.3993511,98.6,86.1
1/06/2008,106.9152,1.9664,210.2380493,92.32038208,99,86.6
1/07/2008,106.8518,1.9888,212.5068598,92.80515744,99.2,86.6
1/08/2008,109.3624,1.8865,206.3121676,92.43471987,99.5,87.1
1/09/2008,106.5748,1.7973,191.546888,92.30688094,99.5,87.5
1/10/2008,99.9659,1.6862,168.5625006,91.37445837,99.4,87.3
1/11/2008,96.9656,1.5327,148.6191751,89.62437294,98.6,87.3
1/12/2008,91.275,1.4854,135.579885,88.69743521,98.2,87.1
1/01/2009,90.1205,1.4462,130.3322671,89.08348346,97.6,86.6
1/02/2009,92.9158,1.4422,134.0031668,89.52648966,97.3,87.2
1/03/2009,97.855,1.417,138.660535,89.74419556,97.6,87.3
1/04/2009,98.92,1.4712,145.531104,89.96823013,97.7,87.5
1/05/2009,96.6445,1.5418,149.0064901,90.2281271,97.5,87.9
1/06/2009,96.6145,1.6369,158.1482751,91.00317699,97.3,88.1
1/07/2009,94.367,1.6378,154.5542726,90.85888354,97,88
1/08/2009,94.8971,1.6532,156.8838857,91.06266639,97.3,88.3
1/09/2009,91.2748,1.6323,148.987856,91.11962433,97.3,88.3
1/10/2009,90.3671,1.6212,146.5031425,91.20738175,96.9,88.4
1/11/2009,89.2674,1.6599,148.1749573,91.27193408,96.7,88.6
1/12/2009,89.9509,1.6226,145.9543303,91.11118612,96.5,88.9
1/01/2010,91.1011,1.6158,147.2011574,91.42255619,96.6,88.8
1/02/2010,90.1395,1.5618,140.7798711,91.44533936,96.6,89
1/03/2010,90.7161,1.5058,136.6003034,91.82083986,96.8,89.4
1/04/2010,93.4527,1.5332,143.2816796,91.98032209,96.9,89.9
1/05/2010,91.973,1.4669,134.9151937,92.05162499,96.8,90.1
1/06/2010,90.8059,1.4768,134.1021531,91.96175802,96.6,90.2
1/07/2010,87.5005,1.5304,133.9107652,91.98116591,96.1,90
1/08/2010,85.3727,1.5661,133.7021855,92.10816102,96.2,90.4
1/09/2010,84.3571,1.5591,131.5211546,92.16174367,96.4,90.4
1/10/2010,81.7285,1.5867,129.678611,92.27650337,96.7,90.6
1/11/2010,82.518,1.5961,131.7069798,92.31531915,96.4,90.9
1/12/2010,83.3376,1.5595,129.9649872,92.47395756,96.2,91.7
1/01/2011,82.625,1.5782,130.398775,92.9144323,96.1,91.8
1/02/2011,82.5368,1.6124,133.0823363,93.37262728,96.1,92.3
1/03/2011,81.647,1.6159,131.9333873,94.28311049,96.3,92.6
1/04/2011,83.1771,1.6379,136.2357721,94.89023994,96.5,93.3
1/05/2011,81.1257,1.6332,132.4944932,95.33662142,96.4,93.5
1/06/2011,80.4259,1.6219,130.4427672,95.23451904,96.3,93.5
1/07/2011,79.2425,1.6158,128.0400315,95.31890118,96.3,93.5
1/08/2011,76.9657,1.6356,125.8850989,95.58175152,96.4,93.9
1/09/2011,76.7957,1.5771,121.1144985,95.72688879,96.4,94.5
1/10/2011,76.643,1.5768,120.8506824,95.5294346,96.5,94.5
1/11/2011,77.5595,1.5806,122.5905457,95.44884966,95.9,94.7
1/12/2011,77.7967,1.5587,121.2617163,95.21342351,96,95
1/01/2012,76.964,1.5524,119.4789136,95.6323808,96.2,94.7
1/02/2012,78.47,1.5804,124.013988,96.05344764,96.4,95.2
1/03/2012,82.4659,1.5824,130.4940402,96.78293118,96.8,95.4
1/04/2012,81.2524,1.6,130.00384,97.07531527,96.9,95.9
1/05/2012,79.6668,1.5924,126.8614123,96.96139939,96.6,95.9
1/06/2012,79.3152,1.5556,123.3827251,96.8192155,96.1,95.6
1/07/2012,78.9348,1.5593,123.0830336,96.66142091,95.8,95.7
1/08/2012,78.6909,1.5722,123.717833,97.19935701,96,96.1
1/09/2012,78.1353,1.6126,126.0009848,97.63308117,96.1,96.4
1/10/2012,79.0132,1.608,127.0532256,97.59510921,96.1,96.8
1/11/2012,81.0305,1.5968,129.3895024,97.13269512,95.8,97
1/12/2012,83.7905,1.6145,135.2797623,96.87111051,95.8,97.3
1/01/2013,89.0581,1.5965,142.1812567,97.15758785,95.9,97
1/02/2013,93.0016,1.5474,143.9106758,97.95331137,95.7,97.5
1/03/2013,94.77,1.508,142.91316,98.20941114,95.9,97.8
1/04/2013,97.7582,1.5311,149.67758,98.10730876,96.2,98
1/05/2013,100.9186,1.5297,154.3751824,98.28197977,96.3,98.2
1/06/2013,97.235,1.5493,150.6461855,98.51782784,96.3,98
1/07/2013,99.6727,1.5179,151.2931913,98.55664362,96.5,98
1/08/2013,97.8123,1.5505,151.6579712,98.67520051,96.8,98.4
1/09/2013,99.21,1.5885,157.595085,98.78996021,97.1,98.7
1/10/2013,97.77,1.6098,157.390146,98.53554808,97.2,98.8
1/11/2013,100.0737,1.61,161.118657,98.3342967,97.3,98.8
1/12/2013,103.46,1.6383,169.498518,98.32585848,97.4,99.2
1/01/2014,103.7614,1.647,170.8950258,98.69165503,97.2,98.7
1/02/2014,102.1253,1.6558,169.0990717,99.05660775,97.2,99.1
1/03/2014,102.3395,1.6624,170.1291848,99.69453668,97.5,99.3
1/04/2014,102.4582,1.6748,171.5969934,100.0232051,99.5,99.6
1/05/2014,101.7738,1.6842,171.407434,100.3725471,99.9,99.6
1/06/2014,102.0629,1.6908,172.5679513,100.5594535,99.8,99.8
1/07/2014,101.74,1.7066,173.629484,100.5202158,99.9,99.6
1/08/2014,102.9438,1.67,171.916146,100.3522954,100,99.9
1/09/2014,107.4257,1.629,174.9964653,100.4278174,100.3,100
1/10/2014,108.0264,1.6074,173.6416354,100.1755148,100,100.1
1/11/2014,116.2994,1.5771,183.4157837,99.63462536,99.6,99.9
1/12/2014,119.3233,1.5644,186.6693705,99.06968698,99.7,99.9
1/01/2015,118.25,1.5142,179.05415,98.6034757,99.6,99.2
1/02/2015,118.76,1.5329,182.047204,99.03171502,99.4,99.5
1/03/2015,120.3945,1.4958,180.0860931,99.62112422,99.7,99.6
1/04/2015,119.5095,1.4968,178.8818196,99.82364134,100.2,99.9
1/05/2015,120.798,1.5456,186.7053888,100.3324656,100.4,100.1
1/06/2015,123.7186,1.5576,192.7040914,100.6839172,100.2,100.1
1/07/2015,123.3109,1.556,191.8717604,100.6906678,100.1,100
1/08/2015,123.0038,1.5578,191.6153196,100.548062,100.2,100.3
1/09/2015,120.1476,1.5338,184.2823889,100.3915331,100.3,100.2
1/10/2015,120.0481,1.5343,184.1897998,100.3463887,100.2,100.3
1/11/2015,122.6432,1.5194,186.3440781,100.1345895,99.9,100.3
1/12/2015,121.635,1.4981,182.2213935,99.79241995,99.8,100.4
1/01/2016,118.2258,1.4392,170.1505714,99.95738702,99.5,99.9
1/02/2016,114.6155,1.429,163.7855495,100.0396596,99.6,100.1
1/03/2016,112.9317,1.4249,160.9163793,100.4704304,99.7,100.4
1/04/2016,109.5519,1.4319,156.8673656,100.9467675,99.9,100.6
1/05/2016,108.8481,1.4524,158.0909804,101.3551771,100,100.8
1/06/2016,105.3509,1.4197,149.5666727,101.6880646,99.9,101
1/07/2016,104.191,1.3134,136.8444594,101.5235194,99.6,100.9
1/08/2016,101.2383,1.3101,132.6322968,101.6167617,99.7,101.2
1/09/2016,101.7843,1.314,133.7445702,101.8610479,99.8,101.5
1/10/2016,103.9075,1.233,128.1179475,101.9880431,100.4,101.6
1/11/2016,108.443,1.2432,134.8163376,101.8294046,100.4,101.8
1/12/2016,115.9981,1.2483,144.8004282,101.8627356,100.1,102.2
1/01/2017,114.8721,1.2367,142.0623261,102.4563639,100,101.8
1/02/2017,112.9116,1.2495,141.0830442,102.7787036,99.8,102.4
1/03/2017,112.9165,1.2347,139.4180026,102.8622419,99.9,102.7
1/04/2017,110.091,1.2639,139.1440149,103.1672834,100.3,103.2
1/05/2017,112.2436,1.2929,145.1197504,103.2554627,100.4,103.5
1/06/2017,110.9141,1.281,142.0809621,103.3491269,100.2,103.5
1/07/2017,112.417,1.2996,146.0971332,103.277824,100.1,103.5
1/08/2017,109.827,1.2952,142.2479304,103.5870845,100.3,104
1/09/2017,110.776,1.334,147.775184,104.1355683,100.5,104.3
1/10/2017,112.9148,1.3202,149.070119,104.0697503,100.6,104.4
1/11/2017,112.819,1.3217,149.1128723,104.0722817,100.9,104.7
1/12/2017,112.9405,1.3404,151.3854462,104.0111047,101.2,105
1/01/2018,110.871,1.3824,153.2680704,104.5777307,101.3,104.5
1/02/2018,107.97,1.3961,150.736917,105.0519583,101.3,104.9
1/03/2018,106.0468,1.3976,148.2110077,105.289494,101,105.1
1/04/2018,107.6562,1.4079,151.569164,105.7080294,100.9,105.5
1/05/2018,109.6882,1.347,147.7500054,106.1476603,101,105.9
1/06/2018,110.0638,1.3294,146.3188157,106.3168465,100.9,105.9
1/07/2018,111.521,1.3162,146.7839402,106.324019,101,105.9
1/08/2018,110.9965,1.2878,142.9412927,106.3830864,101.6,106.5
